regulatorid,reportcode,queryid,channel,reporttype,deliverydatefrom,deliverydateto,inserttmstmp,reportschedule,reportfrequencydaily,reportfrequencymonth,lastdayofmonth,reportformat,reportstatus,partition
XCAED,RECO000,R0121F,TRACE,RRECU,2024-04-10 10:33:10.000000000,2024-04-23 00:00:00.000000000,2024-04-10 10:33:27.405313000,D,\N,,false,XML,ACTIVE,\N
XCAED,RJCT000,R0121D,TRACE,RRECU,2024-04-10 10:33:10.000000000,2024-04-23 00:00:00.000000000,2024-04-10 10:33:24.444183000,D,\N,,false,XML,ACTIVE,\N
XCAED,TRAR000,R01221,TRACE,RRECU,2024-04-10 10:33:21.000000000,2024-04-23 00:00:00.000000000,2024-04-10 10:33:34.794212000,D,\N,,false,XML,ACTIVE,\N
eudrm01xw000,TPST000,SR00008,RG,RRECU,2025-07-03 00:00:00.000000000,2034-08-18 00:00:00.000000000,2025-07-04 00:00:00.000000000,D,,,false,XML,ACTIVE,\N
eudrm01xw000,TRAR000,SR11111,RG,RRECU,2024-04-29 00:00:00.000000000,2027-04-29 00:00:00.000000000,2024-12-04 17:22:16.031000000,D,,,false,XML,ACTIVE,\N
eudrm01xw000,TRTS000,SR11112,RG,RRECU,2024-04-29 00:00:00.000000000,2027-04-29 00:00:00.000000000,2024-12-04 17:22:16.031000000,D,,,false,XML,ACTIVE,\N
eudrm0f9u000,MRAR000,R0118B,TRACE,RRECU,2024-02-14 13:32:33.000000000,2024-08-14 00:00:00.000000000,2024-02-14 13:32:47.347000000,D,,,false,XML,ACTIVE,\N
eudrm0f9u000,MRTS000,R0118C,TRACE,RRECU,2024-02-14 13:32:55.000000000,2024-08-14 00:00:00.000000000,2024-02-14 13:33:08.539000000,D,,,false,XML,ACTIVE,\N
eudrm0f9u000,TPST000,R013BD,TRACE,RRECU,2024-10-07 11:51:56.000000000,2024-10-19 00:00:00.000000000,2024-10-07 11:52:11.801416000,D,\N,,false,XML,ACTIVE,\N
eudrm0f9u000,TPST000,R013EE,TRACE,RRECU,2025-03-24 12:17:16.000000000,2026-07-28 00:00:00.000000000,2025-03-24 12:17:25.679751000,D,\N,,false,XML,ACTIVE,\N
eudrm0f9u000,TRAR000,R01189,TRACE,RRECU,2024-02-14 13:26:53.000000000,2025-01-16 00:00:00.000000000,2024-02-14 13:27:12.891000000,D,\N,,false,XML,ACTIVE,\N
eudrm0f9u000,TRTS000,R0118A,TRACE,RRECU,2024-02-14 13:32:23.000000000,2025-01-16 00:00:00.000000000,2024-02-14 13:32:36.345000000,D,\N,,false,XML,ACTIVE,\N
eudrm0k2g000,MRAR000,R0115E,TRACE,RRECU,2024-02-12 10:13:49.000000000,2024-08-12 00:00:00.000000000,2024-02-12 10:14:02.756000000,D,,,false,XML,ACTIVE,\N
eudrm0k2g000,MRTS000,R0115F,TRACE,RRECU,2024-02-12 10:13:59.000000000,2024-08-12 00:00:00.000000000,2024-02-12 10:14:13.946000000,D,,,false,XML,ACTIVE,\N
eudrm0k2g000,RJCT000,R0115C,TRACE,RRECU,2024-02-12 10:13:17.000000000,2024-08-12 00:00:00.000000000,2024-02-12 10:13:30.445000000,D,,,false,XML,ACTIVE,\N
eudrm0k2g000,TPST000,R0115D,TRACE,RRECU,2024-02-12 10:13:27.000000000,2024-08-12 00:00:00.000000000,2024-02-12 10:13:41.250000000,D,,,false,XML,ACTIVE,\N
eudrm0k2g000,TRAR000,R01159,TRACE,RRECU,2024-02-12 10:07:47.000000000,2024-08-12 00:00:00.000000000,2024-02-12 10:08:02.269000000,D,,,false,XML,ACTIVE,\N
eudrm0k2g000,TRTS000,R0115A,TRACE,RRECU,2024-02-12 10:07:58.000000000,2024-08-12 00:00:00.000000000,2024-02-12 10:08:11.832000000,D,,,false,XML,ACTIVE,\N
eudrm0k2g000,WARN000,R01160,TRACE,RRECU,2024-02-12 10:19:19.000000000,2024-08-12 00:00:00.000000000,2024-02-12 10:19:33.111000000,D,,,false,XML,ACTIVE,\N
eudrm0pbp000,MRAR000,SR0004A,RG,RRECU,2024-09-04 00:00:00.000000000,2026-09-04 00:00:00.000000000,2024-11-21 00:00:00.000000000,D,,,false,XML,ACTIVE,\N
eudrm0pbp000,MRTS000,SR0004B,RG,RRECU,2024-09-04 00:00:00.000000000,2026-09-04 00:00:00.000000000,2024-11-21 00:00:00.000000000,D,,,false,XML,ACTIVE,\N
eudrm0pbp000,RECO000,SR0004G,RG,RRECU,2024-09-04 00:00:00.000000000,2026-09-04 00:00:00.000000000,2024-11-21 00:00:00.000000000,D,,,false,XML,ACTIVE,\N
eudrm0pbp000,RJCT000,SR0004C,RG,RRECU,2024-09-04 00:00:00.000000000,2026-09-04 00:00:00.000000000,2024-11-21 00:00:00.000000000,D,,,false,XML,ACTIVE,\N
eudrm0pbp000,TRAR000,SR0004D,RG,RRECU,2024-09-04 00:00:00.000000000,2026-09-04 00:00:00.000000000,2024-11-21 00:00:00.000000000,D,,,false,XML,ACTIVE,\N
eudrm0pbp000,TRTS000,SR0004E,RG,RRECU,2024-09-04 00:00:00.000000000,2026-09-04 00:00:00.000000000,2024-11-21 00:00:00.000000000,D,,,false,XML,ACTIVE,\N
eudrm0pbp000,WARN000,SR0004F,RG,RRECU,2024-09-04 00:00:00.000000000,2026-09-04 00:00:00.000000000,2024-11-21 00:00:00.000000000,D,,,false,XML,ACTIVE,\N
eudrm10pq000,MRAR000,R011C4,TRACE,RRECU,2024-02-20 12:55:53.000000000,2025-01-29 00:00:00.000000000,2024-02-20 12:56:06.890000000,D,\N,,false,XML,ACTIVE,\N
eudrm10pq000,MRTS000,R011C5,TRACE,RRECU,2024-02-20 12:56:03.000000000,2025-01-29 00:00:00.000000000,2024-02-20 12:56:18.296000000,D,\N,,false,XML,ACTIVE,\N
eudrm10pq000,RECO000,R011C2,TRACE,RRECU,2024-02-20 12:49:33.000000000,2026-05-10 00:00:00.000000000,2024-02-20 12:49:46.208000000,D,\N,,false,XML,ACTIVE,\N
eudrm10pq000,RJCT000,R011C3,TRACE,RRECU,2024-02-20 12:49:43.000000000,2025-01-25 00:00:00.000000000,2024-02-20 12:49:57.023000000,D,\N,,false,XML,ACTIVE,\N
eudrm10pq000,TRAR000,R011C0,TRACE,RRECU,2024-02-20 12:49:00.000000000,2025-01-29 00:00:00.000000000,2024-02-20 12:49:13.789000000,D,\N,,false,XML,ACTIVE,\N
eudrm10pq000,TRTS000,R011C1,TRACE,RRECU,2024-02-20 12:49:10.000000000,2026-05-04 00:00:00.000000000,2024-02-20 12:49:24.638000000,D,\N,,false,XML,ACTIVE,\N
eudrm10pq000,WARN000,R011C6,TRACE,RRECU,2024-02-20 12:56:26.000000000,2024-04-17 00:00:00.000000000,2024-02-20 12:56:40.376000000,D,\N,,false,XML,ACTIVE,\N
eudrm1cxk000,MRAR000,R011F2,TRACE,RRECU,2024-02-28 14:34:36.000000000,2024-04-17 00:00:00.000000000,2024-02-28 14:34:50.529000000,D,\N,,false,XML,ACTIVE,\N
eudrm1cxk000,MRTS000,R011F3,TRACE,RRECU,2024-02-28 14:34:47.000000000,2024-04-17 00:00:00.000000000,2024-02-28 14:35:01.473000000,D,\N,,false,XML,ACTIVE,\N
eudrm1cxk000,RECO000,R011F0,TRACE,RRECU,2024-02-28 14:34:03.000000000,2024-04-17 00:00:00.000000000,2024-02-28 14:34:17.832000000,D,\N,,false,XML,ACTIVE,\N
eudrm1cxk000,RJCT000,R011F1,TRACE,RRECU,2024-02-28 14:34:26.000000000,2024-04-17 00:00:00.000000000,2024-02-28 14:34:39.353000000,D,\N,,false,XML,ACTIVE,\N
eudrm1cxk000,TRAR000,R011EE,TRACE,RRECU,2024-02-28 14:27:53.000000000,2024-04-17 00:00:00.000000000,2024-02-28 14:28:06.872000000,D,\N,,false,XML,ACTIVE,\N
eudrm1cxk000,TRTS000,R011EF,TRACE,RRECU,2024-02-28 14:33:53.000000000,2024-04-17 00:00:00.000000000,2024-02-28 14:34:07.034000000,D,\N,,false,XML,ACTIVE,\N
eudrm1cxk000,WARN000,R011F4,TRACE,RRECU,2024-02-28 14:35:09.000000000,2024-04-17 00:00:00.000000000,2024-02-28 14:35:22.733000000,D,\N,,false,XML,ACTIVE,\N
eudrm1g1k000,MRAR000,R01205,TRACE,RRECU,2024-03-07 10:53:25.000000000,2024-03-11 00:00:00.000000000,2024-03-07 10:53:38.280000000,D,,,false,XML,ACTIVE,\N
eudrm1g1k000,MRAR000,R012BD,TRACE,RRECU,2024-04-04 00:00:00.000000000,2024-12-04 00:00:00.000000000,2024-04-10 00:00:00.000000000,D,,,false,XML,ACTIVE,\N
eudrm1g1k000,MRTS000,R01204,TRACE,RRECU,2024-03-07 10:47:45.000000000,2024-03-08 00:00:00.000000000,2024-03-07 10:47:59.700000000,D,,,false,XML,ACTIVE,\N
eudrm1g1k000,MRTS000,R012BE,TRACE,RRECU,2024-04-04 00:00:00.000000000,2024-12-04 00:00:00.000000000,2024-04-10 00:00:00.000000000,D,,,false,XML,ACTIVE,\N
eudrm1g1k000,RECO000,R012C1,TRACE,RRECU,2024-05-04 00:00:00.000000000,2024-12-04 00:00:00.000000000,2024-04-10 00:00:00.000000000,D,,,false,XML,ACTIVE,\N
eudrm1g1k000,RJCT000,R01207,TRACE,RRECU,2024-03-07 12:24:20.000000000,2024-03-08 00:00:00.000000000,2024-03-07 12:24:34.267000000,D,,,false,XML,ACTIVE,\N
eudrm1g1k000,RJCT000,R012BF,TRACE,RRECU,2024-05-04 00:00:00.000000000,2024-12-04 00:00:00.000000000,2024-04-10 00:00:00.000000000,D,,,false,XML,ACTIVE,\N
eudrm1g1k000,TPST000,R013C0,TRACE,RRECU,2024-10-08 15:05:47.000000000,2024-10-20 00:00:00.000000000,2024-10-08 15:06:04.916851000,D,\N,,false,XML,ACTIVE,\N
eudrm1g1k000,TRAR000,R01203,TRACE,RRECU,2024-03-07 10:42:24.000000000,2024-03-08 00:00:00.000000000,2024-03-07 10:42:38.041000000,D,,,false,XML,ACTIVE,\N
eudrm1g1k000,TRAR000,R012BB,TRACE,RRECU,2024-04-04 00:00:00.000000000,2024-12-04 00:00:00.000000000,2024-04-10 00:00:00.000000000,D,,,false,XML,ACTIVE,\N
eudrm1g1k000,TRTS000,R012BC,TRACE,RRECU,2024-04-04 00:00:00.000000000,2024-12-04 00:00:00.000000000,2024-04-10 00:00:00.000000000,D,,,false,XML,ACTIVE,\N
eudrm1g1k000,WARN000,R01227,TRACE,RRECU,2024-03-08 16:03:19.000000000,2024-03-09 00:00:00.000000000,2024-03-08 16:03:32.866000000,D,,,false,XML,ACTIVE,\N
eudrm1g1k000,WARN000,R012C0,TRACE,RRECU,2024-05-04 00:00:00.000000000,2024-12-04 00:00:00.000000000,2024-04-10 00:00:00.000000000,D,,,false,XML,ACTIVE,\N
eudrm2ucm000,MRAR000,R01183,TRACE,RRECU,2024-02-14 09:05:07.000000000,2024-04-05 00:00:00.000000000,2024-02-14 09:05:20.816000000,D,,,false,XML,ACTIVE,\N
eudrm2ucm000,MRTS000,R01184,TRACE,RRECU,2024-02-14 09:20:51.000000000,2026-05-03 00:00:00.000000000,2024-02-14 09:21:04.592000000,D,\N,,false,XML,ACTIVE,\N
eudrm2ucm000,RECO000,R01187,TRACE,RRECU,2024-02-14 09:26:52.000000000,2025-02-09 00:00:00.000000000,2024-02-14 09:27:06.381000000,W,MO,,false,XML,ACTIVE,\N
eudrm2ucm000,RJCT000,R01185,TRACE,RRECU,2024-02-14 09:21:12.000000000,2026-05-03 00:00:00.000000000,2024-02-14 09:21:25.770000000,D,\N,,false,XML,ACTIVE,\N
eudrm2ucm000,TRAR000,R01181,TRACE,RRECU,2024-02-14 08:48:06.000000000,2024-08-14 00:00:00.000000000,2024-02-14 08:48:19.643000000,D,,,false,XML,ACTIVE,\N
eudrm2ucm000,TRTS000,R01182,TRACE,RRECU,2024-02-14 08:59:48.000000000,2026-05-17 00:00:00.000000000,2024-02-14 09:00:01.765000000,D,\N,,false,XML,ACTIVE,\N
eudrm2ucm000,WARN000,R01186,TRACE,RRECU,2024-02-14 09:26:31.000000000,2024-04-05 00:00:00.000000000,2024-02-14 09:26:44.748000000,D,,,false,XML,ACTIVE,\N
eudrm2ucm000,WARN000,R0127A,TRACE,RRECU,2024-09-07 11:51:59.000000000,2026-06-03 00:00:00.000000000,2024-09-07 11:52:20.919802000,D,\N,,false,XML,ACTIVE,\N
eudrm2ydh000,RECO000,R012DF,TRACE,RRECU,2024-04-15 19:07:16.000000000,2024-10-15 00:00:00.000000000,2024-04-15 19:07:30.995061000,W,MO, ,false,XML,ACTIVE,\N
eudrm2ydh000,RJCT000,R012E0,TRACE,RRECU,2024-04-15 19:07:26.000000000,2024-10-15 00:00:00.000000000,2024-04-15 19:07:40.671585000,W,MO, ,false,XML,ACTIVE,\N
eudrm2ydh000,TRAR000,R011E6,TRACE,RRECU,2024-02-22 20:53:54.000000000,2025-03-10 00:00:00.000000000,2024-02-22 20:54:07.436000000,D,\N,,false,XML,ACTIVE,\N
eudrm2ydh000,TRTS000,R011E5,TRACE,RRECU,2024-02-22 20:47:54.000000000,2025-03-10 00:00:00.000000000,2024-02-22 20:48:08.197000000,D,\N,,false,XML,ACTIVE,\N
eudrm3487000,MRAR000,R01157,TRACE,RRECU,2024-02-09 19:29:38.000000000,2026-04-30 00:00:00.000000000,2024-02-09 19:29:51.280000000,D,\N,,false,XML,ACTIVE,\N
eudrm3487000,MRTS000,R01158,TRACE,RRECU,2024-02-09 19:34:46.000000000,2025-01-11 00:00:00.000000000,2024-02-09 19:35:00.401000000,D,\N,,false,XML,ACTIVE,\N
eudrm3487000,RECO000,R011E9,TRACE,RRECU,2024-02-23 11:33:18.000000000,2024-02-29 00:00:00.000000000,2024-02-23 11:33:31.870000000,W,MO,,false,XML,ACTIVE,\N
eudrm3487000,RECO000,R011F5,TRACE,RRECU,2024-03-01 16:17:09.000000000,2024-03-12 00:00:00.000000000,2024-03-01 16:17:23.193000000,W,MO,,false,XML,ACTIVE,\N
eudrm3487000,RECO000,R012D8,TRACE,RRECU,2024-04-12 10:34:47.000000000,2024-10-12 00:00:00.000000000,2024-04-12 10:35:01.161228000,W,MO, ,false,XML,ACTIVE,\N
eudrm3487000,RJCT000,R011E8,TRACE,RRECU,2024-02-23 11:32:57.000000000,2024-02-29 00:00:00.000000000,2024-02-23 11:33:10.707000000,W,MO,,false,XML,ACTIVE,\N
eudrm3487000,TPST000,R013BF,TRACE,RRECU,2024-10-08 10:35:05.000000000,2024-10-15 00:00:00.000000000,2024-10-08 10:35:22.142043000,M,\N,1,false,XML,ACTIVE,\N
eudrm3487000,TPST000,R013D7,TRACE,RRECU,2025-03-17 12:09:10.000000000,2026-07-21 00:00:00.000000000,2025-03-17 12:09:22.241143000,D,\N,,false,XML,ACTIVE,\N
eudrm3487000,TRAR000,R011E7,TRACE,RRECU,2024-02-23 11:08:37.000000000,2025-01-11 00:00:00.000000000,2024-02-23 11:08:50.394000000,D,\N,,false,XML,ACTIVE,\N
eudrm3487000,TRTS000,R011B7,TRACE,RRECU,2024-02-19 17:22:56.000000000,2025-01-11 00:00:00.000000000,2024-02-19 17:23:10.055000000,D,\N,,false,XML,ACTIVE,\N
eudrm3487000,WARN000,R01156,TRACE,RRECU,2024-02-09 19:29:17.000000000,2025-01-11 00:00:00.000000000,2024-02-09 19:29:31.691000000,W,MO,,false,XML,ACTIVE,\N
eudrm3c8z000,WARN000,R01278,TRACE,RRECU,2024-09-24 12:08:34.000000000,2025-03-24 00:00:00.000000000,2024-09-24 12:08:51.749356000,D,\N, ,false,XML,ACTIVE,\N
eudrm3fvg000,MRAR000,R011DB,TRACE,RRECU,2024-02-21 10:43:07.000000000,2024-08-21 00:00:00.000000000,2024-02-21 10:43:21.486000000,D,,,false,XML,ACTIVE,\N
eudrm3fvg000,MRAR000,R012D6,TRACE,RRECU,2024-04-17 14:59:01.000000000,2024-10-11 00:00:00.000000000,2024-04-17 14:59:15.072020000,D,\N, ,false,XML,ACTIVE,\N
eudrm3fvg000,MRTS000,R011DA,TRACE,RRECU,2024-02-21 10:42:56.000000000,2024-08-21 00:00:00.000000000,2024-02-21 10:43:10.766000000,D,,,false,XML,ACTIVE,\N
eudrm3fvg000,MRTS000,R012D7,TRACE,RRECU,2024-04-17 14:59:22.000000000,2024-10-11 00:00:00.000000000,2024-04-17 14:59:36.223915000,D,\N, ,false,XML,ACTIVE,\N
eudrm3fvg000,RECO000,R011DC,TRACE,RRECU,2024-02-21 11:01:27.000000000,2024-08-21 00:00:00.000000000,2024-02-21 11:01:41.014000000,D,,,false,XML,ACTIVE,\N
eudrm3fvg000,RJCT000,R011DD,TRACE,RRECU,2024-02-21 11:01:37.000000000,2024-08-21 00:00:00.000000000,2024-02-21 11:01:51.220000000,D,,,false,XML,ACTIVE,\N
eudrm3fvg000,TRAR000,R011D9,TRACE,RRECU,2024-02-21 10:42:46.000000000,2024-08-21 00:00:00.000000000,2024-02-21 10:42:59.459000000,D,,,false,XML,ACTIVE,\N
eudrm3fvg000,TRAR000,R012D4,TRACE,RRECU,2024-04-11 10:11:26.000000000,2024-10-11 00:00:00.000000000,2024-04-11 10:11:40.511093000,D,\N, ,false,XML,ACTIVE,\N
eudrm3fvg000,TRTS000,R011D8,TRACE,RRECU,2024-02-21 10:42:25.000000000,2024-08-21 00:00:00.000000000,2024-02-21 10:42:38.485000000,D,,,false,XML,ACTIVE,\N
eudrm3fvg000,TRTS000,R012D5,TRACE,RRECU,2024-04-11 10:11:26.000000000,2024-10-11 00:00:00.000000000,2024-04-11 10:11:43.681371000,D,\N, ,false,XML,ACTIVE,\N
eudrm3fvg000,WARN000,R011DF,TRACE,RRECU,2024-02-21 11:01:59.000000000,2024-08-21 00:00:00.000000000,2024-02-21 11:02:12.610000000,D,,,false,XML,ACTIVE,\N
eudrm3juc000,MRAR000,SR00001,RG,RRECU,2025-03-18 00:00:00.000000000,2034-08-18 00:00:00.000000000,2025-03-21 00:00:00.000000000,D,,,false,XML,ACTIVE,\N
eudrm3juc000,MRTS000,SR00002,RG,RRECU,2025-03-18 00:00:00.000000000,2034-08-18 00:00:00.000000000,2025-03-21 00:00:00.000000000,D,,,false,XML,ACTIVE,\N
eudrm3juc000,RECO000,SR00003,RG,RRECU,2025-03-18 00:00:00.000000000,2034-08-18 00:00:00.000000000,2025-03-21 00:00:00.000000000,D,,,false,XML,ACTIVE,\N
eudrm3juc000,RJCT000,SR00004,RG,RRECU,2025-03-18 00:00:00.000000000,2034-08-18 00:00:00.000000000,2025-03-21 00:00:00.000000000,D,,,false,XML,ACTIVE,\N
eudrm3juc000,TPST000,SR00008,RG,RRECU,2025-07-03 00:00:00.000000000,2034-08-18 00:00:00.000000000,2025-07-04 00:00:00.000000000,D,,,false,XML,ACTIVE,\N
eudrm3juc000,TRAR000,SR00005,RG,RRECU,2025-03-18 00:00:00.000000000,2034-08-18 00:00:00.000000000,2025-03-21 00:00:00.000000000,D,,,false,XML,ACTIVE,\N
eudrm3juc000,TRTS000,SR00006,RG,RRECU,2025-03-18 00:00:00.000000000,2034-08-18 00:00:00.000000000,2025-03-21 00:00:00.000000000,D,,,false,XML,ACTIVE,\N
eudrm3juc000,WARN000,SR00007,RG,RRECU,2025-03-18 00:00:00.000000000,2034-08-18 00:00:00.000000000,2025-03-21 00:00:00.000000000,D,,,false,XML,ACTIVE,\N
eudrm3pwa000,MRAR000,R011BB,TRACE,RRECU,2024-02-20 09:25:59.000000000,2024-08-20 00:00:00.000000000,2024-02-20 09:26:12.714000000,D,,,false,XML,ACTIVE,\N
eudrm3pwa000,MRAR000,R011F8,TRACE,RRECU,2024-03-04 13:07:50.000000000,2024-03-06 00:00:00.000000000,2024-03-04 13:08:03.748000000,D,,,false,XML,ACTIVE,\N
eudrm3pwa000,MRAR000,R013CB,TRACE,RRECU,2024-10-08 16:25:53.000000000,2024-10-15 00:00:00.000000000,2024-10-08 16:26:09.079607000,D,\N,,false,XML,ACTIVE,\N
eudrm3pwa000,MRTS000,R011BC,TRACE,RRECU,2024-02-20 09:26:20.000000000,2024-08-20 00:00:00.000000000,2024-02-20 09:26:33.743000000,D,,,false,XML,ACTIVE,\N
eudrm3pwa000,MRTS000,R011F9,TRACE,RRECU,2024-03-04 13:02:10.000000000,2024-03-07 00:00:00.000000000,2024-03-04 13:02:24.910000000,D,,,false,XML,ACTIVE,\N
eudrm3pwa000,MRTS000,R013C8,TRACE,RRECU,2024-10-08 16:10:55.000000000,2024-10-10 00:00:00.000000000,2024-10-08 16:11:14.117697000,D,\N, ,false,XML,ACTIVE,\N
eudrm3pwa000,RECO000,R011FC,TRACE,RRECU,2024-03-04 13:19:28.000000000,2024-05-01 00:00:00.000000000,2024-03-04 13:19:42.210000000,W,TU,,false,XML,ACTIVE,\N
eudrm3pwa000,RJCT000,R011FA,TRACE,RRECU,2024-03-04 13:13:29.000000000,2024-05-01 00:00:00.000000000,2024-03-04 13:13:42.681000000,W,TU,,false,XML,ACTIVE,\N
eudrm3pwa000,TPST000,R013BE,TRACE,RRECU,2025-03-14 12:08:56.000000000,2026-07-20 00:00:00.000000000,2025-03-14 12:09:07.090898000,D,\N,,false,XML,ACTIVE,\N
eudrm3pwa000,TRAR000,R011B8,TRACE,RRECU,2024-02-20 09:19:48.000000000,2024-08-20 00:00:00.000000000,2024-02-20 09:20:01.679000000,D,,,false,XML,ACTIVE,\N
eudrm3pwa000,TRAR000,R011F6,TRACE,RRECU,2024-03-04 12:12:46.000000000,2024-03-06 00:00:00.000000000,2024-03-04 12:12:59.173000000,D,,,false,XML,ACTIVE,\N
eudrm3pwa000,TRAR000,R013CE,TRACE,RRECU,2024-10-10 13:02:02.000000000,2024-10-18 00:00:00.000000000,2024-10-10 13:02:20.292431000,D,\N,,false,XML,ACTIVE,\N
eudrm3pwa000,TRTS000,R011B9,TRACE,RRECU,2024-02-20 09:19:58.000000000,2024-08-20 00:00:00.000000000,2024-02-20 09:20:12.489000000,D,,,false,XML,ACTIVE,\N
eudrm3pwa000,TRTS000,R011F7,TRACE,RRECU,2024-03-04 12:56:30.000000000,2024-03-07 00:00:00.000000000,2024-03-04 12:56:43.471000000,D,,,false,XML,ACTIVE,\N
eudrm3pwa000,TRTS000,R013C6,TRACE,RRECU,2024-10-08 15:50:57.000000000,2024-10-10 00:00:00.000000000,2024-10-08 15:51:13.210102000,D,\N, ,false,XML,ACTIVE,\N
eudrm3pwa000,WARN000,R011FB,TRACE,RRECU,2024-03-04 13:19:18.000000000,2024-05-01 00:00:00.000000000,2024-03-04 13:19:31.357000000,W,TU,,false,XML,ACTIVE,\N
eudrm3tgt000,MRAR000,R011C9,TRACE,RRECU,2024-02-20 14:23:33.000000000,2025-01-22 00:00:00.000000000,2024-02-20 14:23:47.311000000,D,\N,,false,XML,ACTIVE,\N
eudrm3tgt000,MRTS000,R011CA,TRACE,RRECU,2024-02-20 14:23:44.000000000,2026-05-10 00:00:00.000000000,2024-02-20 14:23:57.812000000,D,\N,,false,XML,ACTIVE,\N
eudrm3tgt000,RECO000,R011CD,TRACE,RRECU,2024-02-20 14:24:27.000000000,2026-05-11 00:00:00.000000000,2024-02-20 14:24:41.362000000,D,\N,,false,XML,ACTIVE,\N
eudrm3tgt000,RJCT000,R011CC,TRACE,RRECU,2024-02-20 14:24:17.000000000,2025-01-22 00:00:00.000000000,2024-02-20 14:24:30.651000000,D,\N,,false,XML,ACTIVE,\N
eudrm3tgt000,TPST000,R011EA,TRACE,RRECU,2024-02-26 08:26:38.000000000,2024-08-26 00:00:00.000000000,2024-02-26 08:26:52.012000000,D,,,false,XML,ACTIVE,\N
eudrm3tgt000,TPST000,R01473,TRACE,RRECU,2025-03-11 08:33:51.000000000,2025-09-11 00:00:00.000000000,2025-03-11 08:33:58.748514000,D,\N, ,false,XML,ACTIVE,\N
eudrm3tgt000,TRAR000,R011C7,TRACE,RRECU,2024-02-20 14:23:01.000000000,2025-01-22 00:00:00.000000000,2024-02-20 14:23:14.799000000,D,\N,,false,XML,ACTIVE,\N
eudrm3tgt000,TRTS000,R011C8,TRACE,RRECU,2024-02-20 14:23:11.000000000,2026-05-05 00:00:00.000000000,2024-02-20 14:23:25.501000000,D,\N,,false,XML,ACTIVE,\N
eudrm3tgt000,WARN000,R011CB,TRACE,RRECU,2024-02-20 14:23:55.000000000,2026-05-10 00:00:00.000000000,2024-02-20 14:24:09.254000000,D,\N,,false,XML,ACTIVE,\N
eudrm539b000,TRTS000,R012AB,TRACE,RRECU,2024-04-11 09:46:52.000000000,2024-04-12 00:00:00.000000000,2024-04-11 09:47:06.270292000,D,\N, ,false,XML,ACTIVE,\N
eudrm5cb4000,MRAR000,SR0003A,RG,RRECU,2025-04-09 00:00:00.000000000,2027-04-09 00:00:00.000000000,2025-04-09 00:00:00.000000000,D,,,false,XML,ACTIVE,\N
eudrm5cb4000,MRTS000,R01520,TRACE,RRECU,2026-01-16 14:54:19.000000000,2026-07-16 00:00:00.000000000,2026-01-16 14:54:26.967202000,D,\N, ,false,XML,ACTIVE,\N
eudrm5cb4000,MRTS000,SR0003B,RG,RRECU,2025-04-09 00:00:00.000000000,2027-04-09 00:00:00.000000000,2025-04-09 00:00:00.000000000,D,,,false,XML,ACTIVE,\N
eudrm5cb4000,RECO000,SR0003G,RG,RRECU,2025-04-09 00:00:00.000000000,2027-04-09 00:00:00.000000000,2025-04-09 00:00:00.000000000,D,,,false,XML,ACTIVE,\N
eudrm5cb4000,RJCT000,SR0003C,RG,RRECU,2025-04-09 00:00:00.000000000,2027-04-09 00:00:00.000000000,2025-04-09 00:00:00.000000000,D,,,false,XML,ACTIVE,\N
eudrm5cb4000,TRAR000,R0151E,TRACE,RRECU,2026-01-13 17:24:26.000000000,2026-07-13 00:00:00.000000000,2026-01-13 17:24:33.453725000,D,\N, ,false,XML,ACTIVE,\N
eudrm5cb4000,TRAR000,SR0003D,RG,RRECU,2025-04-09 00:00:00.000000000,2027-04-09 00:00:00.000000000,2025-04-09 00:00:00.000000000,D,,,false,XML,ACTIVE,\N
eudrm5cb4000,TRTS000,R0151F,TRACE,RRECU,2026-01-16 14:54:18.000000000,2026-07-16 00:00:00.000000000,2026-01-16 14:54:23.225789000,D,\N, ,false,XML,ACTIVE,\N
eudrm5cb4000,TRTS000,SR0003E,RG,RRECU,2025-04-09 00:00:00.000000000,2027-04-09 00:00:00.000000000,2025-04-09 00:00:00.000000000,D,,,false,XML,ACTIVE,\N
eudrm5cb4000,TRTS000,SR99999,RG,RRECU,2025-02-18 00:00:00.000000000,2025-02-28 00:00:00.000000000,2025-02-18 00:00:00.000000000,D,,,false,XML,ACTIVE,\N
eudrm5cb4000,WARN000,SR0003F,RG,RRECU,2025-04-09 00:00:00.000000000,2027-04-09 00:00:00.000000000,2025-04-09 00:00:00.000000000,D,,,false,XML,ACTIVE,\N
eudrm5d5x000,MRAR000,R0150D,TRACE,RRECU,2025-12-15 12:44:31.000000000,2026-06-15 00:00:00.000000000,2025-12-15 12:44:34.986249000,D,\N, ,false,XML,ACTIVE,\N
eudrm5d5x000,MRTS000,R0122F,TRACE,RRECU,2024-03-12 07:55:25.000000000,2026-06-17 00:00:00.000000000,2024-03-12 07:55:39.284000000,D,\N,,false,XML,ACTIVE,\N
eudrm5d5x000,RECO000,R0122B,TRACE,RRECU,2024-03-11 11:00:27.000000000,2026-05-18 00:00:00.000000000,2024-03-11 11:00:40.156000000,D,\N,,false,XML,ACTIVE,\N
eudrm5d5x000,RJCT000,R0122A,TRACE,RRECU,2024-03-11 11:00:04.000000000,2025-02-13 00:00:00.000000000,2024-03-11 11:00:18.921000000,D,\N,,false,XML,ACTIVE,\N
eudrm5d5x000,RJCT000,R0150A,TRACE,RRECU,2025-12-15 12:39:44.000000000,2026-06-15 00:00:00.000000000,2025-12-15 12:39:50.993142000,D,\N, ,false,XML,ACTIVE,\N
eudrm5d5x000,TRAR000,R01229,TRACE,RRECU,2024-03-11 10:59:53.000000000,2025-02-13 00:00:00.000000000,2024-03-11 11:00:07.673000000,D,\N,,false,XML,ACTIVE,\N
eudrm5d5x000,TRAR000,R0150B,TRACE,RRECU,2025-12-15 12:39:44.000000000,2026-06-15 00:00:00.000000000,2025-12-15 12:39:55.635054000,D,\N, ,false,XML,ACTIVE,\N
eudrm5d5x000,TRTS000,R01228,TRACE,RRECU,2024-03-11 10:59:43.000000000,2025-02-13 00:00:00.000000000,2024-03-11 10:59:58.069000000,D,\N,,false,XML,ACTIVE,\N
eudrm5d5x000,TRTS000,R0150C,TRACE,RRECU,2025-12-15 12:39:44.000000000,2026-06-15 00:00:00.000000000,2025-12-15 12:39:59.445991000,D,\N, ,false,XML,ACTIVE,\N
eudrm5t8m000,MRAR000,R0117D,TRACE,RRECU,2024-02-13 13:36:09.000000000,2026-06-10 00:00:00.000000000,2024-02-13 13:36:23.401000000,D,\N,,false,XML,ACTIVE,\N
eudrm5t8m000,MRTS000,R0117C,TRACE,RRECU,2024-02-13 13:15:47.000000000,2024-10-10 00:00:00.000000000,2024-02-13 13:16:04.832000000,D,\N,,false,XML,ACTIVE,\N
eudrm5t8m000,RECO000,R0117E,TRACE,RRECU,2024-02-13 13:41:18.000000000,2024-04-17 00:00:00.000000000,2024-02-13 13:41:32.156000000,W,MO,,false,XML,ACTIVE,\N
eudrm5t8m000,RECO000,R012E1,TRACE,RRECU,2024-04-18 09:23:02.000000000,2026-07-21 00:00:00.000000000,2024-04-18 09:23:16.331082000,D,\N,,false,XML,ACTIVE,\N
eudrm5t8m000,RJCT000,R01180,TRACE,RRECU,2024-02-13 13:41:50.000000000,2025-01-15 00:00:00.000000000,2024-02-13 13:42:04.291000000,D,\N,,false,XML,ACTIVE,\N
eudrm5t8m000,TPST000,R01380,TRACE,RRECU,2024-09-25 13:22:07.000000000,2024-09-26 00:00:00.000000000,2024-09-25 13:22:23.529649000,D,\N, ,false,XML,ACTIVE,\N
eudrm5t8m000,TPST000,R013BB,TRACE,RRECU,2024-10-03 08:03:15.000000000,2026-07-15 00:00:00.000000000,2024-10-03 08:03:32.711358000,D,\N,,false,XML,ACTIVE,\N
eudrm5t8m000,TRAR000,R0117B,TRACE,RRECU,2024-02-13 13:15:26.000000000,2025-01-15 00:00:00.000000000,2024-02-13 13:15:46.152000000,D,\N,,false,XML,ACTIVE,\N
eudrm5t8m000,TRTS000,R0117A,TRACE,RRECU,2024-02-13 13:10:07.000000000,2026-04-30 00:00:00.000000000,2024-02-13 13:10:30.006000000,D,\N,,false,XML,ACTIVE,\N
eudrm5t8m000,WARN000,R0117F,TRACE,RRECU,2024-02-13 13:41:39.000000000,2026-05-03 00:00:00.000000000,2024-02-13 13:41:52.891000000,D,\N,,false,XML,ACTIVE,\N
eudrm6cga000,MRAR000,R01234,TRACE,RRECU,2024-03-12 09:26:16.000000000,2024-03-19 00:00:00.000000000,2024-03-12 09:26:30.356000000,D,,,false,XML,ACTIVE,\N
eudrm6cga000,MRTS000,R01236,TRACE,RRECU,2024-03-12 09:31:37.000000000,2024-03-22 00:00:00.000000000,2024-03-12 09:31:51.275000000,W,TH,,false,XML,ACTIVE,\N
eudrm6cga000,MRTS000,R012D0,TRACE,RRECU,2024-04-10 09:50:52.000000000,2024-04-17 00:00:00.000000000,2024-04-10 09:51:06.640307000,D,\N, ,false,XML,ACTIVE,\N
eudrm6cga000,RECO000,R01238,TRACE,RRECU,2024-03-12 09:42:18.000000000,2024-04-05 00:00:00.000000000,2024-03-12 09:42:31.985000000,M,,1,false,XML,ACTIVE,\N
eudrm6cga000,RJCT000,R01237,TRACE,RRECU,2024-03-12 09:31:59.000000000,2024-04-02 00:00:00.000000000,2024-03-12 09:32:12.399000000,M,,1,false,XML,ACTIVE,\N
eudrm6cga000,TRAR000,R01230,TRACE,RRECU,2024-03-12 09:20:46.000000000,2024-03-20 00:00:00.000000000,2024-03-12 09:21:01.269000000,D,,,false,XML,ACTIVE,\N
eudrm6cga000,TRAR000,R012CF,TRACE,RRECU,2024-04-10 09:50:42.000000000,2024-04-17 00:00:00.000000000,2024-04-10 09:50:55.729531000,D,\N, ,false,XML,ACTIVE,\N
eudrm6cga000,TRTS000,R01232,TRACE,RRECU,2024-03-12 09:21:08.000000000,2024-04-01 00:00:00.000000000,2024-03-12 09:21:21.354000000,W,MO,,false,XML,ACTIVE,\N
eudrm6cga000,WARN000,R01239,TRACE,RRECU,2024-03-12 09:47:27.000000000,2024-03-28 00:00:00.000000000,2024-03-12 09:47:40.700000000,ADHO,"TU,FR",,false,XML,ACTIVE,\N
eudrm7x6g000,MRAR000,R0116F,TRACE,RRECU,2024-02-12 17:22:35.000000000,2024-02-17 00:00:00.000000000,2024-02-12 17:22:48.601000000,D,,,false,XML,ACTIVE,\N
eudrm7x6g000,MRAR000,R011E2,TRACE,RRECU,2024-02-22 18:02:43.000000000,2024-02-29 00:00:00.000000000,2024-02-22 18:02:57.750000000,D,,,false,XML,ACTIVE,\N
eudrm7x6g000,MRAR000,R01211,TRACE,RRECU,2024-03-11 11:36:24.000000000,2024-03-12 00:00:00.000000000,2024-03-11 11:36:37.506000000,D,,,false,XML,ACTIVE,\N
eudrm7x6g000,MRAR000,R01246,TRACE,RRECU,2024-04-18 11:17:25.000000000,2024-04-25 00:00:00.000000000,2024-04-18 11:17:39.458817000,D,\N,,false,XML,ACTIVE,\N
eudrm7x6g000,MRAR000,R01396,TRACE,RRECU,2024-09-24 11:08:21.000000000,2025-03-25 00:00:00.000000000,2024-09-24 11:08:37.993326000,D,\N,,false,XML,ACTIVE,\N
eudrm7x6g000,MRTS000,R01170,TRACE,RRECU,2024-02-12 17:22:45.000000000,2024-02-17 00:00:00.000000000,2024-02-12 17:23:01.452000000,D,,,false,XML,ACTIVE,\N
eudrm7x6g000,MRTS000,R011E3,TRACE,RRECU,2024-02-22 18:03:05.000000000,2024-02-29 00:00:00.000000000,2024-02-22 18:03:18.879000000,D,,,false,XML,ACTIVE,\N
eudrm7x6g000,MRTS000,R01212,TRACE,RRECU,2024-03-11 11:36:34.000000000,2024-03-12 00:00:00.000000000,2024-03-11 11:36:48.662000000,D,,,false,XML,ACTIVE,\N
eudrm7x6g000,MRTS000,R01247,TRACE,RRECU,2024-04-18 11:17:36.000000000,2024-04-25 00:00:00.000000000,2024-04-18 11:17:51.240777000,D,\N,,false,XML,ACTIVE,\N
eudrm7x6g000,RECO000,R01233,TRACE,RRECU,2024-04-18 11:16:41.000000000,2024-04-25 00:00:00.000000000,2024-04-18 11:16:55.993844000,D,\N,,false,XML,ACTIVE,\N
eudrm7x6g000,RJCT000,R01172,TRACE,RRECU,2024-02-12 17:23:09.000000000,2024-02-17 00:00:00.000000000,2024-02-12 17:23:22.737000000,D,,,false,XML,ACTIVE,\N
eudrm7x6g000,RJCT000,R011E4,TRACE,RRECU,2024-02-22 18:03:16.000000000,2024-02-29 00:00:00.000000000,2024-02-22 18:03:30.185000000,D,,,false,XML,ACTIVE,\N
eudrm7x6g000,RJCT000,R0122C,TRACE,RRECU,2024-04-18 11:16:09.000000000,2024-04-24 00:00:00.000000000,2024-04-18 11:16:23.187711000,D,\N,,false,XML,ACTIVE,\N
eudrm7x6g000,RJCT000,R01420,TRACE,RRECU,2025-09-29 12:31:28.000000000,2026-09-02 00:00:00.000000000,2025-09-29 12:31:35.374805000,D,\N,,false,XML,ACTIVE,\N
eudrm7x6g000,TPST000,R013A7,TRACE,RRECU,2024-09-30 09:38:22.000000000,2024-10-18 00:00:00.000000000,2024-09-30 09:38:40.036214000,D,\N,,false,XML,ACTIVE,\N
eudrm7x6g000,TPST000,R013EF,TRACE,RRECU,2024-10-24 09:45:33.000000000,2026-03-18 00:00:00.000000000,2024-10-24 09:45:48.857746000,D,\N,,false,XML,ACTIVE,\N
eudrm7x6g000,TRAR000,R0116D,TRACE,RRECU,2024-02-12 17:22:02.000000000,2024-02-17 00:00:00.000000000,2024-02-12 17:22:16.031000000,D,,,false,XML,ACTIVE,\N
eudrm7x6g000,TRAR000,R011E0,TRACE,RRECU,2024-02-22 18:02:12.000000000,2024-02-29 00:00:00.000000000,2024-02-22 18:02:25.953000000,D,,,false,XML,ACTIVE,\N
eudrm7x6g000,TRAR000,R0120F,TRACE,RRECU,2024-03-11 11:30:43.000000000,2024-03-12 00:00:00.000000000,2024-03-11 11:30:57.000000000,D,,,false,XML,ACTIVE,\N
eudrm7x6g000,TRAR000,R01244,TRACE,RRECU,2024-04-18 11:16:52.000000000,2024-04-25 00:00:00.000000000,2024-04-18 11:17:07.109676000,D,\N,,false,XML,ACTIVE,\N
eudrm7x6g000,TRAR000,R01397,TRACE,RRECU,2024-09-24 11:08:32.000000000,2024-10-03 00:00:00.000000000,2024-09-24 11:08:48.682522000,D,\N,,false,XML,ACTIVE,\N
eudrm7x6g000,TRTS000,R0116E,TRACE,RRECU,2024-02-12 17:22:13.000000000,2024-02-17 00:00:00.000000000,2024-02-12 17:22:27.008000000,D,,,false,XML,ACTIVE,\N
eudrm7x6g000,TRTS000,R011E1,TRACE,RRECU,2024-02-22 18:02:33.000000000,2024-02-29 00:00:00.000000000,2024-02-22 18:02:46.447000000,D,,,false,XML,ACTIVE,\N
eudrm7x6g000,TRTS000,R01210,TRACE,RRECU,2024-03-11 11:36:02.000000000,2024-03-12 00:00:00.000000000,2024-03-11 11:36:15.890000000,D,,,false,XML,ACTIVE,\N
eudrm7x6g000,TRTS000,R01245,TRACE,RRECU,2024-04-18 11:17:14.000000000,2024-04-25 00:00:00.000000000,2024-04-18 11:17:28.863091000,D,\N,,false,XML,ACTIVE,\N
eudrm7x6g000,WARN000,R0122D,TRACE,RRECU,2024-04-18 11:16:31.000000000,2024-04-24 00:00:00.000000000,2024-04-18 11:16:44.461924000,D,\N,,false,XML,ACTIVE,\N
eudrm7x6g000,WARN000,R0148B,TRACE,RRECU,2025-03-20 08:53:35.000000000,2025-04-20 00:00:00.000000000,2025-03-20 08:53:40.952455000,D,\N, ,false,XML,ACTIVE,\N
eudrm83af000,MRAR000,R013D0,TRACE,RRECU,2024-10-14 08:39:37.000000000,2024-10-17 00:00:00.000000000,2024-10-14 08:39:56.362795000,D,\N, ,false,XML,ACTIVE,\N
eudrm83af000,MRTS000,R013D1,TRACE,RRECU,2024-10-14 08:59:35.000000000,2024-10-16 00:00:00.000000000,2024-10-14 08:59:51.854156000,D,\N, ,false,XML,ACTIVE,\N
eudrm83af000,RECO000,R013D3,TRACE,RRECU,2024-10-14 09:14:46.000000000,2024-10-23 00:00:00.000000000,2024-10-14 09:15:01.936329000,D,\N, ,false,XML,ACTIVE,\N
eudrm83af000,TRTS000,R013D2,TRACE,RRECU,2024-10-14 08:59:35.000000000,2024-10-30 00:00:00.000000000,2024-10-14 08:59:55.717975000,D,\N, ,false,XML,ACTIVE,\N
eudrm8jh7000,RJCT000,R012B8,TRACE,RRECU,2024-04-09 09:58:45.000000000,2024-04-10 00:00:00.000000000,2024-04-09 09:58:59.422895000,D,\N, ,false,XML,ACTIVE,\N
eudrm8jh7000,RJCT000,R012D2,TRACE,RRECU,2024-04-11 07:21:56.000000000,2024-10-11 00:00:00.000000000,2024-04-11 07:22:10.337232000,W,FR, ,false,XML,ACTIVE,\N
eudrm8jh7000,TRAR000,R012CD,TRACE,RRECU,2024-04-09 09:58:45.000000000,2024-05-02 00:00:00.000000000,2024-04-09 09:59:06.224115000,D,\N, ,false,XML,ACTIVE,\N
eudrm8jh7000,TRTS000,R012CE,TRACE,RRECU,2024-04-09 09:59:07.000000000,2024-10-09 00:00:00.000000000,2024-04-09 09:59:20.807979000,D,\N, ,false,XML,ACTIVE,\N
eudrm8jh7000,WARN000,R012B9,TRACE,RRECU,2024-04-09 09:58:45.000000000,2024-04-10 00:00:00.000000000,2024-04-09 09:59:01.964385000,D,\N, ,false,XML,ACTIVE,\N
eudrm8jh7000,WARN000,R012D3,TRACE,RRECU,2024-04-11 07:22:28.000000000,2024-10-11 00:00:00.000000000,2024-04-11 07:22:42.128260000,W,FR, ,false,XML,ACTIVE,\N
eudrm92sz000,TPST000,R013D6,TRACE,RRECU,2024-10-22 09:08:33.000000000,2024-10-18 00:00:00.000000000,2024-10-22 09:08:50.345093000,ADHO,"TU,WE,TH", ,false,XML,ACTIVE,\N
eudrm92sz000,TPST000,R013F8,TRACE,RRECU,2024-10-28 13:19:28.000000000,2025-09-30 00:00:00.000000000,2024-10-28 13:19:44.566135000,D,\N,,false,XML,ACTIVE,\N
eudrm935b000,MRAR000,SR00001,RG,RRECU,2025-03-18 00:00:00.000000000,2034-08-18 00:00:00.000000000,2025-03-21 00:00:00.000000000,D,,,false,XML,ACTIVE,\N
eudrm935b000,MRTS000,SR00002,RG,RRECU,2025-03-18 00:00:00.000000000,2034-08-18 00:00:00.000000000,2025-03-21 00:00:00.000000000,D,,,false,XML,ACTIVE,\N
eudrm935b000,RECO000,SR00003,RG,RRECU,2025-03-18 00:00:00.000000000,2034-08-18 00:00:00.000000000,2025-03-21 00:00:00.000000000,D,,,false,XML,ACTIVE,\N
eudrm935b000,RJCT000,SR00004,RG,RRECU,2025-03-18 00:00:00.000000000,2034-08-18 00:00:00.000000000,2025-03-21 00:00:00.000000000,D,,,false,XML,ACTIVE,\N
eudrm935b000,TPST000,SR00008,RG,RRECU,2025-07-03 00:00:00.000000000,2034-08-18 00:00:00.000000000,2025-07-04 00:00:00.000000000,D,,,false,XML,ACTIVE,\N
eudrm935b000,TRAR000,SR00005,RG,RRECU,2025-03-18 00:00:00.000000000,2034-08-18 00:00:00.000000000,2025-03-21 00:00:00.000000000,D,,,false,XML,ACTIVE,\N
eudrm935b000,TRTS000,SR00006,RG,RRECU,2025-03-18 00:00:00.000000000,2034-08-18 00:00:00.000000000,2025-03-21 00:00:00.000000000,D,,,false,XML,ACTIVE,\N
eudrm935b000,WARN000,SR00007,RG,RRECU,2025-03-18 00:00:00.000000000,2034-08-18 00:00:00.000000000,2025-03-21 00:00:00.000000000,D,,,false,XML,ACTIVE,\N
eudrm96jn000,MRAR000,R011D4,TRACE,RRECU,2024-02-21 10:23:29.000000000,2024-08-21 00:00:00.000000000,2024-02-21 10:23:42.793000000,D,,,false,XML,ACTIVE,\N
eudrm96jn000,MRTS000,R011D5,TRACE,RRECU,2024-02-21 10:23:39.000000000,2024-08-21 00:00:00.000000000,2024-02-21 10:23:53.605000000,D,,,false,XML,ACTIVE,\N
eudrm96jn000,RECO000,R011D7,TRACE,RRECU,2024-02-21 10:30:12.000000000,2024-08-21 00:00:00.000000000,2024-02-21 10:30:25.177000000,W,MO,,false,XML,ACTIVE,\N
eudrm96jn000,RECO000,R01284,TRACE,RRECU,2024-09-10 12:06:31.000000000,2024-09-12 00:00:00.000000000,2024-09-10 12:06:58.045683000,W,MO,,false,XML,ACTIVE,\N
eudrm96jn000,RJCT000,R011D6,TRACE,RRECU,2024-02-21 10:29:50.000000000,2024-08-21 00:00:00.000000000,2024-02-21 10:30:04.082000000,W,FR,,false,XML,ACTIVE,\N
eudrm96jn000,RJCT000,R01283,TRACE,RRECU,2024-09-11 07:24:05.000000000,2024-09-12 00:00:00.000000000,2024-09-11 07:24:22.808769000,W,MO, ,false,XML,ACTIVE,\N
eudrm96jn000,TPST000,R013BC,TRACE,RRECU,2024-10-07 08:41:33.000000000,2025-09-14 00:00:00.000000000,2024-10-07 08:41:49.250144000,D,\N,,false,XML,ACTIVE,\N
eudrm96jn000,TRAR000,R011D2,TRACE,RRECU,2024-02-21 10:22:57.000000000,2024-08-21 00:00:00.000000000,2024-02-21 10:23:10.532000000,D,,,false,XML,ACTIVE,\N
eudrm96jn000,TRTS000,R011D3,TRACE,RRECU,2024-02-21 10:23:07.000000000,2024-08-21 00:00:00.000000000,2024-02-21 10:23:21.237000000,D,,,false,XML,ACTIVE,\N
eudrm9ehc000,MRAR000,SR00001,RG,RRECU,2025-03-18 00:00:00.000000000,2034-08-18 00:00:00.000000000,2025-03-21 00:00:00.000000000,D,,,false,XML,ACTIVE,\N
eudrm9ehc000,MRTS000,SR00002,RG,RRECU,2025-03-18 00:00:00.000000000,2034-08-18 00:00:00.000000000,2025-03-21 00:00:00.000000000,D,,,false,XML,ACTIVE,\N
eudrm9ehc000,RECO000,SR00003,RG,RRECU,2025-03-18 00:00:00.000000000,2034-08-18 00:00:00.000000000,2025-03-21 00:00:00.000000000,D,,,false,XML,ACTIVE,\N
eudrm9ehc000,RJCT000,SR00004,RG,RRECU,2025-03-18 00:00:00.000000000,2034-08-18 00:00:00.000000000,2025-03-21 00:00:00.000000000,D,,,false,XML,ACTIVE,\N
eudrm9ehc000,TPST000,SR00008,RG,RRECU,2025-07-03 00:00:00.000000000,2034-08-18 00:00:00.000000000,2025-07-04 00:00:00.000000000,D,,,false,XML,ACTIVE,\N
eudrm9ehc000,TRAR000,SR00005,RG,RRECU,2025-03-18 00:00:00.000000000,2034-08-18 00:00:00.000000000,2025-03-21 00:00:00.000000000,D,,,false,XML,ACTIVE,\N
eudrm9ehc000,TRTS000,SR00006,RG,RRECU,2025-03-18 00:00:00.000000000,2034-08-18 00:00:00.000000000,2025-03-21 00:00:00.000000000,D,,,false,XML,ACTIVE,\N
eudrm9ehc000,WARN000,SR00007,RG,RRECU,2025-03-18 00:00:00.000000000,2034-08-18 00:00:00.000000000,2025-03-21 00:00:00.000000000,D,,,false,XML,ACTIVE,\N
eudrm9hd5000,MRAR000,R01167,TRACE,RRECU,2024-02-12 15:25:35.000000000,2024-04-04 00:00:00.000000000,2024-02-12 15:25:48.116000000,D,,,false,XML,ACTIVE,\N
eudrm9hd5000,MRAR000,R012C4,TRACE,RRECU,2024-04-04 00:00:00.000000000,2025-04-04 00:00:00.000000000,2024-04-09 00:00:00.000000000,D,\N,,false,XML,ACTIVE,\N
eudrm9hd5000,MRAR000,R0149B,TRACE,RRECU,2025-04-04 17:04:11.000000000,2026-08-03 00:00:00.000000000,2025-04-04 17:05:08.016656000,D,\N,,false,XML,ACTIVE,\N
eudrm9hd5000,MRTS000,R01168,TRACE,RRECU,2024-02-12 17:06:25.000000000,2024-04-04 00:00:00.000000000,2024-02-12 17:06:38.709000000,D,,,false,XML,ACTIVE,\N
eudrm9hd5000,MRTS000,R012C5,TRACE,RRECU,2024-04-04 00:00:00.000000000,2025-04-04 00:00:00.000000000,2024-04-09 00:00:00.000000000,D,\N,,false,XML,ACTIVE,\N
eudrm9hd5000,MRTS000,R0149C,TRACE,RRECU,2025-04-04 17:04:11.000000000,2026-08-03 00:00:00.000000000,2025-04-04 17:05:30.866128000,D,\N,,false,XML,ACTIVE,\N
eudrm9hd5000,RECO000,R0116C,TRACE,RRECU,2024-02-12 17:06:46.000000000,2024-04-04 00:00:00.000000000,2024-02-12 17:06:59.715000000,W,MO,,false,XML,ACTIVE,\N
eudrm9hd5000,RECO000,R012C8,TRACE,RRECU,2024-04-04 00:00:00.000000000,2025-04-04 00:00:00.000000000,2024-04-09 00:00:00.000000000,W,FR,,false,XML,ACTIVE,\N
eudrm9hd5000,RECO000,R0149F,TRACE,RRECU,2025-04-04 17:09:16.000000000,2026-08-03 00:00:00.000000000,2025-04-04 17:09:25.346998000,W,FR,,false,XML,ACTIVE,\N
eudrm9hd5000,RJCT000,R0116A,TRACE,RRECU,2024-02-12 17:00:55.000000000,2024-04-04 00:00:00.000000000,2024-02-12 17:01:09.221000000,W,MO,,false,XML,ACTIVE,\N
eudrm9hd5000,RJCT000,R012C6,TRACE,RRECU,2024-04-04 00:00:00.000000000,2025-04-04 00:00:00.000000000,2024-04-09 00:00:00.000000000,W,FR,,false,XML,ACTIVE,\N
eudrm9hd5000,RJCT000,R0149D,TRACE,RRECU,2025-04-04 17:04:11.000000000,2026-08-03 00:00:00.000000000,2025-04-04 17:06:05.184714000,W,FR,,false,XML,ACTIVE,\N
eudrm9hd5000,TRAR000,R01169,TRACE,RRECU,2024-02-13 21:05:20.000000000,2024-04-04 00:00:00.000000000,2024-02-13 21:05:33.916000000,D,,,false,XML,ACTIVE,\N
eudrm9hd5000,TRAR000,R012C2,TRACE,RRECU,2024-04-04 00:00:00.000000000,2025-04-04 00:00:00.000000000,2024-04-09 00:00:00.000000000,D,\N,,false,XML,ACTIVE,\N
eudrm9hd5000,TRAR000,R01499,TRACE,RRECU,2025-04-04 17:09:16.000000000,2026-08-03 00:00:00.000000000,2025-04-04 17:09:21.463675000,D,\N,,false,XML,ACTIVE,\N
eudrm9hd5000,TRTS000,R01166,TRACE,RRECU,2024-02-13 21:05:09.000000000,2024-04-04 00:00:00.000000000,2024-02-13 21:05:22.929000000,D,,,false,XML,ACTIVE,\N
eudrm9hd5000,TRTS000,R012C3,TRACE,RRECU,2024-04-04 00:00:00.000000000,2025-04-04 00:00:00.000000000,2024-04-09 00:00:00.000000000,D,\N,,false,XML,ACTIVE,\N
eudrm9hd5000,TRTS000,R0149A,TRACE,RRECU,2025-04-04 17:04:11.000000000,2026-08-03 00:00:00.000000000,2025-04-04 17:04:39.277262000,D,\N,,false,XML,ACTIVE,\N
eudrm9hd5000,WARN000,R0116B,TRACE,RRECU,2024-02-12 17:01:17.000000000,2024-04-04 00:00:00.000000000,2024-02-12 17:01:30.538000000,W,MO,,false,XML,ACTIVE,\N
eudrm9hd5000,WARN000,R012C7,TRACE,RRECU,2024-04-04 00:00:00.000000000,2025-04-04 00:00:00.000000000,2024-04-09 00:00:00.000000000,W,FR,,false,XML,ACTIVE,\N
eudrm9hd5000,WARN000,R0149E,TRACE,RRECU,2025-04-04 16:59:04.000000000,2026-08-03 00:00:00.000000000,2025-04-04 16:59:23.602281000,W,FR,,false,XML,ACTIVE,\N
eudrm9w5j000,MRAR000,R01164,TRACE,RRECU,2024-02-13 16:09:36.000000000,2025-01-15 00:00:00.000000000,2024-02-13 16:09:50.528000000,D,\N,,false,XML,ACTIVE,\N
eudrm9w5j000,MRTS000,R01165,TRACE,RRECU,2024-02-13 16:09:58.000000000,2025-01-15 00:00:00.000000000,2024-02-13 16:10:11.132000000,D,\N,,false,XML,ACTIVE,\N
eudrm9w5j000,RECO000,R0121B,TRACE,RRECU,2024-03-08 10:09:03.000000000,2025-02-12 00:00:00.000000000,2024-03-08 10:09:18.375000000,D,\N,,false,XML,ACTIVE,\N
eudrm9w5j000,RJCT000,R0121E,TRACE,RRECU,2024-03-08 10:35:10.000000000,2025-02-12 00:00:00.000000000,2024-03-08 10:35:23.797000000,D,\N,,false,XML,ACTIVE,\N
eudrm9w5j000,TRAR000,R01162,TRACE,RRECU,2024-02-13 16:09:04.000000000,2025-01-15 00:00:00.000000000,2024-02-13 16:09:17.820000000,D,\N,,false,XML,ACTIVE,\N
eudrm9w5j000,TRTS000,R01163,TRACE,RRECU,2024-02-13 16:09:25.000000000,2025-01-15 00:00:00.000000000,2024-02-13 16:09:42.262000000,D,\N,,false,XML,ACTIVE,\N
eudrm9w5j000,WARN000,R0121C,TRACE,RRECU,2024-03-08 10:14:25.000000000,2025-02-12 00:00:00.000000000,2024-03-08 10:14:38.272000000,D,\N,,false,XML,ACTIVE,\N
